timestamp,topic,example
2025-07-18T14:31:23.008483,technology,technology
2025-07-18T14:31:23.041706,sports,sports
2025-07-18T14:31:23.070764,entertainment,entertainment
2025-07-18T14:31:23.101037,politics,politics
2025-07-18T14:31:23.132176,health,health
2025-07-18T14:31:23.163785,science,science
2025-07-18T14:31:23.198590,education,education
2025-07-18T14:31:23.232733,business,business
2025-07-18T14:31:23.264145,travel,travel
2025-07-18T14:31:23.301931,food,food
2025-07-18T14:31:23.339901,relationships,relationships
2025-07-18T14:31:23.375791,personal growth,personal growth
2025-07-18T14:31:23.413344,news,news
2025-07-18T14:31:23.451588,art,art
2025-07-18T14:31:23.492205,music,music
2025-07-18T14:31:23.534507,movies,movies
2025-07-18T14:31:23.576271,books,books
2025-07-18T14:31:23.622252,gaming,gaming
2025-07-18T14:31:23.669529,history,history
2025-07-18T14:31:23.704692,culture,culture
media,auto_generated
entertainment,auto_generated
storytelling,auto_generated
pop culture,auto_generated
anime,auto_generated
emotions,auto_generated
hobbies,auto_generated
technology,auto_generated
2025-09-17T11:56:22.843295Z,Action Movies,action_movies,auto_generated
2025-09-17T11:56:22.843295Z,Comedy Movies,comedy_movies,auto_generated
2025-09-17T11:56:22.843295Z,Drama Movies,drama_movies,auto_generated
2025-09-17T11:56:22.843295Z,Sci-Fi Movies,sci-fi_movies,auto_generated
2025-09-17T11:56:22.843295Z,Horror Movies,horror_movies,auto_generated
2025-09-17T11:56:22.843295Z,Thriller Movies,thriller_movies,auto_generated
2025-09-17T11:56:22.843295Z,Animated Movies,animated_movies,auto_generated
2025-09-17T11:56:22.843295Z,Documentaries,documentaries,auto_generated
2025-09-17T11:56:22.843295Z,Indie Films,indie_films,auto_generated
2025-09-17T11:56:22.843295Z,Classic Films,classic_films,auto_generated
2025-09-17T11:56:22.843295Z,Foreign Films,foreign_films,auto_generated
2025-09-17T11:56:22.843295Z,Pop Music,pop_music,auto_generated
2025-09-17T11:56:22.843295Z,Rock Music,rock_music,auto_generated
2025-09-17T11:56:22.843295Z,Hip-Hop Music,hip-hop_music,auto_generated
2025-09-17T11:56:22.843295Z,Electronic Music,electronic_music,auto_generated
2025-09-17T11:56:22.843295Z,Classical Music,classical_music,auto_generated
2025-09-17T11:56:22.843295Z,Jazz,jazz,auto_generated
2025-09-17T11:56:22.843295Z,Blues,blues,auto_generated
2025-09-17T11:56:22.843295Z,Country Music,country_music,auto_generated
2025-09-17T11:56:22.843295Z,Folk Music,folk_music,auto_generated
2025-09-17T11:56:22.843295Z,R&B,r&b,auto_generated
2025-09-17T11:56:22.843295Z,Heavy Metal,heavy_metal,auto_generated
2025-09-17T11:56:22.843295Z,Indie Music,indie_music,auto_generated
2025-09-17T11:56:22.843295Z,Music Festivals,music_festivals,auto_generated
2025-09-17T11:56:22.843295Z,Live Concerts,live_concerts,auto_generated
2025-09-17T11:56:22.843295Z,Fiction Books,fiction_books,auto_generated
2025-09-17T11:56:22.843295Z,Non-Fiction Books,non-fiction_books,auto_generated
2025-09-17T11:56:22.843295Z,Science Fiction Books,science_fiction_books,auto_generated
2025-09-17T11:56:22.843295Z,Fantasy Books,fantasy_books,auto_generated
2025-09-17T11:56:22.843295Z,Mystery Novels,mystery_novels,auto_generated
2025-09-17T11:56:22.843295Z,Biographies,biographies,auto_generated
2025-09-17T11:56:22.843295Z,Graphic Novels,graphic_novels,auto_generated
2025-09-17T11:56:22.843295Z,Poetry,poetry,auto_generated
2025-09-17T11:56:22.843295Z,Audiobooks,audiobooks,auto_generated
2025-09-17T11:56:22.843295Z,TV Comedies,tv_comedies,auto_generated
2025-09-17T11:56:22.843295Z,TV Dramas,tv_dramas,auto_generated
2025-09-17T11:56:22.843295Z,Reality TV,reality_tv,auto_generated
2025-09-17T11:56:22.843295Z,TV Game Shows,tv_game_shows,auto_generated
2025-09-17T11:56:22.843295Z,TV Talk Shows,tv_talk_shows,auto_generated
2025-09-17T11:56:22.843295Z,Streaming Services,streaming_services,auto_generated
2025-09-17T11:56:22.843295Z,Binge-Watching,binge-watching,auto_generated
2025-09-17T11:56:22.843295Z,Anime Series,anime_series,auto_generated
2025-09-17T11:56:22.843295Z,Anime Movies,anime_movies,auto_generated
2025-09-17T11:56:22.843295Z,Manga,manga,auto_generated
2025-09-17T11:56:22.843295Z,Shonen,shonen,auto_generated
2025-09-17T11:56:22.843295Z,Shojo,shojo,auto_generated
2025-09-17T11:56:22.843295Z,Seinen,seinen,auto_generated
2025-09-17T11:56:22.843295Z,Mecha Anime,mecha_anime,auto_generated
2025-09-17T11:56:22.843295Z,Slice of Life Anime,slice_of_life_anime,auto_generated
2025-09-17T11:56:22.843295Z,Theatre,theatre,auto_generated
2025-09-17T11:56:22.843295Z,Musicals,musicals,auto_generated
2025-09-17T11:56:22.843295Z,Stand-up Comedy,stand-up_comedy,auto_generated
2025-09-17T11:56:22.843295Z,Improv,improv,auto_generated
2025-09-17T11:56:22.843295Z,Ballet,ballet,auto_generated
2025-09-17T11:56:22.843295Z,Modern Dance,modern_dance,auto_generated
2025-09-17T11:56:22.843295Z,Painting,painting,auto_generated
2025-09-17T11:56:22.843295Z,Sculpture,sculpture,auto_generated
2025-09-17T11:56:22.843295Z,Photography,photography,auto_generated
2025-09-17T11:56:22.843295Z,Digital Art,digital_art,auto_generated
2025-09-17T11:56:22.843295Z,Street Art,street_art,auto_generated
2025-09-17T11:56:22.843295Z,Art History,art_history,auto_generated
2025-09-17T11:56:22.843295Z,Museums,museums,auto_generated
2025-09-17T11:56:22.843295Z,Art Galleries,art_galleries,auto_generated
2025-09-17T11:56:22.843295Z,Physics,physics,auto_generated
2025-09-17T11:56:22.843295Z,Quantum Mechanics,quantum_mechanics,auto_generated
2025-09-17T11:56:22.843295Z,Astrophysics,astrophysics,auto_generated
2025-09-17T11:56:22.843295Z,Chemistry,chemistry,auto_generated
2025-09-17T11:56:22.843295Z,Organic Chemistry,organic_chemistry,auto_generated
2025-09-17T11:56:22.843295Z,Biochemistry,biochemistry,auto_generated
2025-09-17T11:56:22.843295Z,Biology,biology,auto_generated
2025-09-17T11:56:22.843295Z,Genetics,genetics,auto_generated
2025-09-17T11:56:22.843295Z,Evolution,evolution,auto_generated
2025-09-17T11:56:22.843295Z,Botany,botany,auto_generated
2025-09-17T11:56:22.843295Z,Zoology,zoology,auto_generated
2025-09-17T11:56:22.843295Z,Marine Biology,marine_biology,auto_generated
2025-09-17T11:56:22.843295Z,Astronomy,astronomy,auto_generated
2025-09-17T11:56:22.843295Z,Cosmology,cosmology,auto_generated
2025-09-17T11:56:22.843295Z,Black Holes,black_holes,auto_generated
2025-09-17T11:56:22.843295Z,Galaxies,galaxies,auto_generated
2025-09-17T11:56:22.843295Z,Stars and Planets,stars_and_planets,auto_generated
2025-09-17T11:56:22.843295Z,Space Exploration,space_exploration,auto_generated
2025-09-17T11:56:22.843295Z,NASA,nasa,auto_generated
2025-09-17T11:56:22.843295Z,SpaceX,spacex,auto_generated
2025-09-17T11:56:22.843295Z,Computer Science,computer_science,auto_generated
2025-09-17T11:56:22.843295Z,Artificial Intelligence,artificial_intelligence,auto_generated
2025-09-17T11:56:22.843295Z,Machine Learning,machine_learning,auto_generated
2025-09-17T11:56:22.843295Z,Deep Learning,deep_learning,auto_generated
2025-09-17T11:56:22.843295Z,Neural Networks,neural_networks,auto_generated
2025-09-17T11:56:22.843295Z,Cybersecurity,cybersecurity,auto_generated
2025-09-17T11:56:22.843295Z,Blockchain,blockchain,auto_generated
2025-09-17T11:56:22.843295Z,Cryptocurrency,cryptocurrency,auto_generated
2025-09-17T11:56:22.843295Z,Software Development,software_development,auto_generated
2025-09-17T11:56:22.843295Z,Web Development,web_development,auto_generated
2025-09-17T11:56:22.843295Z,Mobile App Development,mobile_app_development,auto_generated
2025-09-17T11:56:22.843295Z,Python Programming,python_programming,auto_generated
2025-09-17T11:56:22.843295Z,JavaScript,javascript,auto_generated
2025-09-17T11:56:22.843295Z,Java,java,auto_generated
2025-09-17T11:56:22.843295Z,C++,c++,auto_generated
2025-09-17T11:56:22.843295Z,Go,go,auto_generated
2025-09-17T11:56:22.843295Z,Rust,rust,auto_generated
2025-09-17T11:56:22.843295Z,SQL,sql,auto_generated
2025-09-17T11:56:22.843295Z,NoSQL,nosql,auto_generated
2025-09-17T11:56:22.843295Z,Gadgets,gadgets,auto_generated
2025-09-17T11:56:22.843295Z,Smartphones,smartphones,auto_generated
2025-09-17T11:56:22.843295Z,Laptops,laptops,auto_generated
2025-09-17T11:56:22.843295Z,Drones,drones,auto_generated
2025-09-17T11:56:22.843295Z,Virtual Reality,virtual_reality,auto_generated
2025-09-17T11:56:22.843295Z,Augmented Reality,augmented_reality,auto_generated
2025-09-17T11:56:22.843295Z,Smart Home Devices,smart_home_devices,auto_generated
2025-09-17T11:56:22.843295Z,Wearable Tech,wearable_tech,auto_generated
2025-09-17T11:56:22.843295Z,Internet Culture,internet_culture,auto_generated
2025-09-17T11:56:22.843295Z,Social Media,social_media,auto_generated
2025-09-17T11:56:22.843295Z,Memes,memes,auto_generated
2025-09-17T11:56:22.843295Z,Podcasts,podcasts,auto_generated
2025-09-17T11:56:22.843295Z,YouTube,youtube,auto_generated
2025-09-17T11:56:22.843295Z,Twitch Streaming,twitch_streaming,auto_generated
2025-09-17T11:56:22.843295Z,Ancient History,ancient_history,auto_generated
2025-09-17T11:56:22.843295Z,Roman Empire,roman_empire,auto_generated
2025-09-17T11:56:22.843295Z,Ancient Greece,ancient_greece,auto_generated
2025-09-17T11:56:22.843295Z,Ancient Egypt,ancient_egypt,auto_generated
2025-09-17T11:56:22.843295Z,Medieval History,medieval_history,auto_generated
2025-09-17T11:56:22.843295Z,Renaissance,renaissance,auto_generated
2025-09-17T11:56:22.843295Z,World War I,world_war_i,auto_generated
2025-09-17T11:56:22.843295Z,World War II,world_war_ii,auto_generated
2025-09-17T11:56:22.843295Z,Cold War,cold_war,auto_generated
2025-09-17T11:56:22.843295Z,American History,american_history,auto_generated
2025-09-17T11:56:22.843295Z,European History,european_history,auto_generated
2025-09-17T11:56:22.843295Z,Asian History,asian_history,auto_generated
2025-09-17T11:56:22.843295Z,African History,african_history,auto_generated
2025-09-17T11:56:22.843295Z,Mythology,mythology,auto_generated
2025-09-17T11:56:22.843295Z,Greek Mythology,greek_mythology,auto_generated
2025-09-17T11:56:22.843295Z,Norse Mythology,norse_mythology,auto_generated
2025-09-17T11:56:22.843295Z,Egyptian Mythology,egyptian_mythology,auto_generated
2025-09-17T11:56:22.843295Z,Japanese Mythology,japanese_mythology,auto_generated
2025-09-17T11:56:22.843295Z,Philosophy,philosophy,auto_generated
2025-09-17T11:56:22.843295Z,Stoicism,stoicism,auto_generated
2025-09-17T11:56:22.843295Z,Existentialism,existentialism,auto_generated
2025-09-17T11:56:22.843295Z,Ethics,ethics,auto_generated
2025-09-17T11:56:22.843295Z,Metaphysics,metaphysics,auto_generated
2025-09-17T11:56:22.843295Z,World Religions,world_religions,auto_generated
2025-09-17T11:56:22.843295Z,Buddhism,buddhism,auto_generated
2025-09-17T11:56:22.843295Z,Christianity,christianity,auto_generated
2025-09-17T11:56:22.843295Z,Hinduism,hinduism,auto_generated
2025-09-17T11:56:22.843295Z,Islam,islam,auto_generated
2025-09-17T11:56:22.843295Z,Judaism,judaism,auto_generated
2025-09-17T11:56:22.843295Z,Social Movements,social_movements,auto_generated
2025-09-17T11:56:22.843295Z,Civil Rights,civil_rights,auto_generated
2025-09-17T11:56:22.843295Z,Feminism,feminism,auto_generated
2025-09-17T11:56:22.843295Z,Environmentalism,environmentalism,auto_generated
2025-09-17T11:56:22.843295Z,Traditions and Customs,traditions_and_customs,auto_generated
2025-09-17T11:56:22.843295Z,Folklore,folklore,auto_generated
2025-09-17T11:56:22.843295Z,Languages,languages,auto_generated
2025-09-17T11:56:22.843295Z,Linguistics,linguistics,auto_generated
2025-09-17T11:56:22.843295Z,Adventure Travel,adventure_travel,auto_generated
2025-09-17T11:56:22.843295Z,Budget Travel,budget_travel,auto_generated
2025-09-17T11:56:22.843295Z,Luxury Travel,luxury_travel,auto_generated
2025-09-17T11:56:22.843295Z,Solo Travel,solo_travel,auto_generated
2025-09-17T11:56:22.843295Z,Backpacking,backpacking,auto_generated
2025-09-17T11:56:22.843295Z,Road Trips,road_trips,auto_generated
2025-09-17T11:56:22.843295Z,Cruises,cruises,auto_generated
2025-09-17T11:56:22.843295Z,National Parks,national_parks,auto_generated
2025-09-17T11:56:22.843295Z,Beaches,beaches,auto_generated
2025-09-17T11:56:22.843295Z,Mountains,mountains,auto_generated
2025-09-17T11:56:22.843295Z,Forests,forests,auto_generated
2025-09-17T11:56:22.843295Z,Deserts,deserts,auto_generated
2025-09-17T11:56:22.843295Z,Islands,islands,auto_generated
2025-09-17T11:56:22.843295Z,Travel in Europe,travel_in_europe,auto_generated
2025-09-17T11:56:22.843295Z,Travel in Asia,travel_in_asia,auto_generated
2025-09-17T11:56:22.843295Z,Travel in North America,travel_in_north_america,auto_generated
2025-09-17T11:56:22.843295Z,Travel in South America,travel_in_south_america,auto_generated
2025-09-17T11:56:22.843295Z,Travel in Africa,travel_in_africa,auto_generated
2025-09-17T11:56:22.843295Z,Travel in Australia,travel_in_australia,auto_generated
2025-09-17T11:56:22.843295Z,Paris,paris,auto_generated
2025-09-17T11:56:22.843295Z,Tokyo,tokyo,auto_generated
2025-09-17T11:56:22.843295Z,New York City,new_york_city,auto_generated
2025-09-17T11:56:22.843295Z,London,london,auto_generated
2025-09-17T11:56:22.843295Z,Rome,rome,auto_generated
2025-09-17T11:56:22.843295Z,Sydney,sydney,auto_generated
2025-09-17T11:56:22.843295Z,Cairo,cairo,auto_generated
2025-09-17T11:56:22.843295Z,Rio de Janeiro,rio_de_janeiro,auto_generated
2025-09-17T11:56:22.843295Z,Famous Landmarks,famous_landmarks,auto_generated
2025-09-17T11:56:22.843295Z,Eiffel Tower,eiffel_tower,auto_generated
2025-09-17T11:56:22.843295Z,Great Wall of China,great_wall_of_china,auto_generated
2025-09-17T11:56:22.843295Z,Pyramids of Giza,pyramids_of_giza,auto_generated
2025-09-17T11:56:22.843295Z,Machu Picchu,machu_picchu,auto_generated
2025-09-17T11:56:22.843295Z,Colosseum,colosseum,auto_generated
2025-09-17T11:56:22.843295Z,Italian Cuisine,italian_cuisine,auto_generated
2025-09-17T11:56:22.843295Z,Japanese Cuisine,japanese_cuisine,auto_generated
2025-09-17T11:56:22.843295Z,Mexican Cuisine,mexican_cuisine,auto_generated
2025-09-17T11:56:22.843295Z,Indian Cuisine,indian_cuisine,auto_generated
2025-09-17T11:56:22.843295Z,Chinese Cuisine,chinese_cuisine,auto_generated
2025-09-17T11:56:22.843295Z,French Cuisine,french_cuisine,auto_generated
2025-09-17T11:56:22.843295Z,Thai Cuisine,thai_cuisine,auto_generated
2025-09-17T11:56:22.843295Z,Mediterranean Diet,mediterranean_diet,auto_generated
2025-09-17T11:56:22.843295Z,Baking,baking,auto_generated
2025-09-17T11:56:22.843295Z,Grilling,grilling,auto_generated
2025-09-17T11:56:22.843295Z,Vegan Cooking,vegan_cooking,auto_generated
2025-09-17T11:56:22.843295Z,Vegetarian Recipes,vegetarian_recipes,auto_generated
2025-09-17T11:56:22.843295Z,Street Food,street_food,auto_generated
2025-09-17T11:56:22.843295Z,Fine Dining,fine_dining,auto_generated
2025-09-17T11:56:22.843295Z,Coffee,coffee,auto_generated
2025-09-17T11:56:22.843295Z,Espresso,espresso,auto_generated
2025-09-17T11:56:22.843295Z,Tea,tea,auto_generated
2025-09-17T11:56:22.843295Z,Wine Tasting,wine_tasting,auto_generated
2025-09-17T11:56:22.843295Z,Craft Beer,craft_beer,auto_generated
2025-09-17T11:56:22.843295Z,Cocktails,cocktails,auto_generated
2025-09-17T11:56:22.843295Z,Smoothies,smoothies,auto_generated
2025-09-17T11:56:22.843295Z,Fitness,fitness,auto_generated
2025-09-17T11:56:22.843295Z,Weightlifting,weightlifting,auto_generated
2025-09-17T11:56:22.843295Z,Cardio,cardio,auto_generated
2025-09-17T11:56:22.843295Z,Yoga,yoga,auto_generated
2025-09-17T11:56:22.843295Z,Pilates,pilates,auto_generated
2025-09-17T11:56:22.843295Z,CrossFit,crossfit,auto_generated
2025-09-17T11:56:22.843295Z,Running,running,auto_generated
2025-09-17T11:56:22.843295Z,Hiking,hiking,auto_generated
2025-09-17T11:56:22.843295Z,Nutrition,nutrition,auto_generated
2025-09-17T11:56:22.843295Z,Healthy Eating,healthy_eating,auto_generated
2025-09-17T11:56:22.843295Z,Vitamins and Supplements,vitamins_and_supplements,auto_generated
2025-09-17T11:56:22.843295Z,Meal Planning,meal_planning,auto_generated
2025-09-17T11:56:22.843295Z,Intermittent Fasting,intermittent_fasting,auto_generated
2025-09-17T11:56:22.843295Z,Mental Health,mental_health,auto_generated
2025-09-17T11:56:22.843295Z,Mindfulness,mindfulness,auto_generated
2025-09-17T11:56:22.843295Z,Meditation,meditation,auto_generated
2025-09-17T11:56:22.843295Z,Stress Management,stress_management,auto_generated
2025-09-17T11:56:22.843295Z,Anxiety,anxiety,auto_generated
2025-09-17T11:56:22.843295Z,Depression,depression,auto_generated
2025-09-17T11:56:22.843295Z,Therapy,therapy,auto_generated
2025-09-17T11:56:22.843295Z,Medicine,medicine,auto_generated
2025-09-17T11:56:22.843295Z,Public Health,public_health,auto_generated
2025-09-17T11:56:22.843295Z,Vaccines,vaccines,auto_generated
2025-09-17T11:56:22.843295Z,Sleep Science,sleep_science,auto_generated
2025-09-17T11:56:22.843295Z,Dermatology,dermatology,auto_generated
2025-09-17T11:56:22.843295Z,Cardiology,cardiology,auto_generated
2025-09-17T11:56:22.843295Z,Economics,economics,auto_generated
2025-09-17T11:56:22.843295Z,Macroeconomics,macroeconomics,auto_generated
2025-09-17T11:56:22.843295Z,Microeconomics,microeconomics,auto_generated
2025-09-17T11:56:22.843295Z,Stock Market,stock_market,auto_generated
2025-09-17T11:56:22.843295Z,Investing,investing,auto_generated
2025-09-17T11:56:22.843295Z,Cryptocurrency Investing,cryptocurrency_investing,auto_generated
2025-09-17T11:56:22.843295Z,Real Estate Investing,real_estate_investing,auto_generated
2025-09-17T11:56:22.843295Z,Personal Finance,personal_finance,auto_generated
2025-09-17T11:56:22.843295Z,Budgeting,budgeting,auto_generated
2025-09-17T11:56:22.843295Z,Saving Money,saving_money,auto_generated
2025-09-17T11:56:22.843295Z,Retirement Planning,retirement_planning,auto_generated
2025-09-17T11:56:22.843295Z,Marketing,marketing,auto_generated
2025-09-17T11:56:22.843295Z,Digital Marketing,digital_marketing,auto_generated
2025-09-17T11:56:22.843295Z,Content Marketing,content_marketing,auto_generated
2025-09-17T11:56:22.843295Z,SEO,seo,auto_generated
2025-09-17T11:56:22.843295Z,Entrepreneurship,entrepreneurship,auto_generated
2025-09-17T11:56:22.843295Z,Startups,startups,auto_generated
2025-09-17T11:56:22.843295Z,Venture Capital,venture_capital,auto_generated
2025-09-17T11:56:22.843295Z,Small Business,small_business,auto_generated
2025-09-17T11:56:22.843295Z,E-commerce,e-commerce,auto_generated
2025-09-17T11:56:22.843295Z,Soccer,soccer,auto_generated
2025-09-17T11:56:22.843295Z,Basketball,basketball,auto_generated
2025-09-17T11:56:22.843295Z,American Football,american_football,auto_generated
2025-09-17T11:56:22.843295Z,Baseball,baseball,auto_generated
2025-09-17T11:56:22.843295Z,Tennis,tennis,auto_generated
2025-09-17T11:56:22.843295Z,Golf,golf,auto_generated
2025-09-17T11:56:22.843295Z,Formula 1,formula_1,auto_generated
2025-09-17T11:56:22.843295Z,NASCAR,nascar,auto_generated
2025-09-17T11:56:22.843295Z,Olympics,olympics,auto_generated
2025-09-17T11:56:22.843295Z,eSports,esports,auto_generated
2025-09-17T11:56:22.843295Z,Video Games,video_games,auto_generated
2025-09-17T11:56:22.843295Z,PC Gaming,pc_gaming,auto_generated
2025-09-17T11:56:22.843295Z,Console Gaming,console_gaming,auto_generated
2025-09-17T11:56:22.843295Z,PlayStation,playstation,auto_generated
2025-09-17T11:56:22.843295Z,Xbox,xbox,auto_generated
2025-09-17T11:56:22.843295Z,Nintendo,nintendo,auto_generated
2025-09-17T11:56:22.843295Z,Indie Games,indie_games,auto_generated
2025-09-17T11:56:22.843295Z,Retro Gaming,retro_gaming,auto_generated
2025-09-17T11:56:22.843295Z,Board Games,board_games,auto_generated
2025-09-17T11:56:22.843295Z,Dungeons & Dragons,dungeons_&_dragons,auto_generated
2025-09-17T11:56:22.843295Z,Chess,chess,auto_generated
2025-09-17T11:56:22.843295Z,Poker,poker,auto_generated
2025-09-17T11:56:22.843295Z,Gardening,gardening,auto_generated
2025-09-17T11:56:22.843295Z,Indoor Plants,indoor_plants,auto_generated
2025-09-17T11:56:22.843295Z,Knitting,knitting,auto_generated
2025-09-17T11:56:22.843295Z,Crochet,crochet,auto_generated
2025-09-17T11:56:22.843295Z,Woodworking,woodworking,auto_generated
2025-09-17T11:56:22.843295Z,DIY Projects,diy_projects,auto_generated
2025-09-17T11:56:22.843295Z,3D Printing,3d_printing,auto_generated
2025-09-17T11:56:22.843295Z,Collecting,collecting,auto_generated
2025-09-17T11:56:22.843295Z,Self-Improvement,self-improvement,auto_generated
2025-09-17T11:56:22.843295Z,Productivity,productivity,auto_generated
2025-09-17T11:56:22.843295Z,Time Management,time_management,auto_generated
2025-09-17T11:56:22.843295Z,Habit Formation,habit_formation,auto_generated
2025-09-17T11:56:22.843295Z,Public Speaking,public_speaking,auto_generated
2025-09-17T11:56:22.843295Z,Dating,dating,auto_generated
2025-09-17T11:56:22.843295Z,Friendship,friendship,auto_generated
2025-09-17T11:56:22.843295Z,Family Dynamics,family_dynamics,auto_generated
2025-09-17T11:56:22.843295Z,Higher Education,higher_education,auto_generated
2025-09-17T11:56:22.843295Z,Online Learning,online_learning,auto_generated
2025-09-17T11:56:22.843295Z,Studying Techniques,studying_techniques,auto_generated
2025-09-17T11:56:22.843295Z,Career Development,career_development,auto_generated
2025-09-17T11:56:22.843295Z,Job Searching,job_searching,auto_generated
2025-09-17T11:56:22.843295Z,Resume Writing,resume_writing,auto_generated
2025-09-17T11:56:22.843295Z,Interviews,interviews,auto_generated
2025-09-17T11:56:22.843295Z,Current Events,current_events,auto_generated
2025-09-17T11:56:22.843295Z,World News,world_news,auto_generated
2025-09-17T11:56:22.843295Z,International Relations,international_relations,auto_generated
2025-09-17T11:56:22.843295Z,Social Justice,social_justice,auto_generated
2025-09-17T11:56:22.843295Z,Animals,animals,auto_generated
2025-09-17T11:56:22.843295Z,Wildlife Conservation,wildlife_conservation,auto_generated
2025-09-17T11:56:22.843295Z,Endangered Species,endangered_species,auto_generated
2025-09-17T11:56:22.843295Z,Pets,pets,auto_generated
2025-09-17T11:56:22.843295Z,Dogs,dogs,auto_generated
2025-09-17T11:56:22.843295Z,Cats,cats,auto_generated
2025-09-17T11:56:22.843295Z,Birds,birds,auto_generated
2025-09-17T11:56:22.843295Z,Insects,insects,auto_generated
2025-09-17T11:56:22.843295Z,Plants,plants,auto_generated
2025-09-17T11:56:22.843295Z,Botany,botany,auto_generated
2025-09-17T11:56:22.843295Z,Trees,trees,auto_generated
2025-09-17T11:56:22.843295Z,Flowers,flowers,auto_generated
2025-09-17T11:56:22.843295Z,Climate Change,climate_change,auto_generated
2025-09-17T11:56:22.843295Z,Global Warming,global_warming,auto_generated
2025-09-17T11:56:22.843295Z,Renewable Energy,renewable_energy,auto_generated
2025-09-17T11:56:22.843295Z,Sustainability,sustainability,auto_generated
2025-09-17T11:56:22.843295Z,Recycling,recycling,auto_generated
2025-09-17T11:56:22.843295Z,Geography,geography,auto_generated
2025-09-17T11:56:22.843295Z,Geology,geology,auto_generated
2025-09-17T11:56:22.843295Z,Volcanoes,volcanoes,auto_generated
2025-09-17T11:56:22.843295Z,Earthquakes,earthquakes,auto_generated
2025-09-17T11:56:22.843295Z,Weather,weather,auto_generated
2025-09-17T11:56:22.843295Z,Meteorology,meteorology,auto_generated
2025-09-17T11:56:22.843295Z,Star Wars,star_wars,auto_generated
2025-09-17T11:56:22.843295Z,Marvel Cinematic Universe,marvel_cinematic_universe,auto_generated
2025-09-17T11:56:22.843295Z,DC Comics,dc_comics,auto_generated
2025-09-17T11:56:22.843295Z,Harry Potter,harry_potter,auto_generated
2025-09-17T11:56:22.843295Z,Lord of the Rings,lord_of_the_rings,auto_generated
2025-09-17T11:56:22.843295Z,Game of Thrones,game_of_thrones,auto_generated
2025-09-17T11:56:22.843295Z,Studio Ghibli,studio_ghibli,auto_generated
2025-09-17T11:56:22.843295Z,Pixar,pixar,auto_generated
2025-09-17T11:56:22.843295Z,Disney,disney,auto_generated
2025-09-17T11:56:22.843295Z,Attack on Titan,attack_on_titan,auto_generated
2025-09-17T11:56:22.843295Z,Naruto,naruto,auto_generated
2025-09-17T11:56:22.843295Z,One Piece,one_piece,auto_generated
2025-09-17T11:56:22.843295Z,Demon Slayer,demon_slayer,auto_generated
2025-09-17T11:56:22.843295Z,My Hero Academia,my_hero_academia,auto_generated
2025-09-17T11:56:22.843295Z,The Beatles,the_beatles,auto_generated
2025-09-17T11:56:22.843295Z,Queen,queen,auto_generated
2025-09-17T11:56:22.843295Z,Taylor Swift,taylor_swift,auto_generated
2025-09-17T11:56:22.843295Z,Kendrick Lamar,kendrick_lamar,auto_generated
2025-09-17T11:56:22.843295Z,Daft Punk,daft_punk,auto_generated
2025-09-17T11:56:22.843295Z,Stephen King,stephen_king,auto_generated
2025-09-17T11:56:22.843295Z,J.R.R. Tolkien,j.r.r._tolkien,auto_generated
2025-09-17T11:56:22.843295Z,Agatha Christie,agatha_christie,auto_generated
2025-09-17T11:56:22.843295Z,Haruki Murakami,haruki_murakami,auto_generated
2025-09-17T11:56:22.843295Z,iPhone,iphone,auto_generated
2025-09-17T11:56:22.843295Z,Android,android,auto_generated
2025-09-17T11:56:22.843295Z,Windows OS,windows_os,auto_generated
2025-09-17T11:56:22.843295Z,macOS,macos,auto_generated
2025-09-17T11:56:22.843295Z,Linux,linux,auto_generated
2025-09-17T11:56:22.843295Z,Tesla,tesla,auto_generated
2025-09-17T11:56:22.843295Z,Ford,ford,auto_generated
2025-09-17T11:56:22.843295Z,Toyota,toyota,auto_generated
2025-09-17T11:56:22.843295Z,Ferrari,ferrari,auto_generated
2025-09-17T11:56:22.843295Z,World Cuisines,world_cuisines,auto_generated
2025-09-17T11:56:22.843295Z,Sushi,sushi,auto_generated
2025-09-17T11:56:22.843295Z,Pizza,pizza,auto_generated
2025-09-17T11:56:22.843295Z,Tacos,tacos,auto_generated
2025-09-17T11:56:22.843295Z,Pasta,pasta,auto_generated
2025-09-17T11:56:22.843295Z,Burgers,burgers,auto_generated
2025-09-17T11:56:22.843295Z,Ramen,ramen,auto_generated
2025-09-17T11:56:22.843295Z,Soccer World Cup,soccer_world_cup,auto_generated
2025-09-17T11:56:22.843295Z,Super Bowl,super_bowl,auto_generated
2025-09-17T11:56:22.843295Z,NBA Finals,nba_finals,auto_generated
2025-09-17T11:56:22.843295Z,Wimbledon,wimbledon,auto_generated
2025-09-17T11:56:22.843295Z,Creativity,creativity,auto_generated
2025-09-17T11:56:22.843295Z,Logic,logic,auto_generated
2025-09-17T11:56:22.843295Z,Humor,humor,auto_generated
2025-09-17T11:56:22.843295Z,Nostalgia,nostalgia,auto_generated
2025-09-17T11:56:22.843295Z,Dreams,dreams,auto_generated
2025-09-17T11:56:22.843295Z,Memory,memory,auto_generated
2025-09-17T11:56:22.843295Z,Motivation,motivation,auto_generated
2025-09-17T11:56:22.843295Z,Curiosity,curiosity,auto_generated
2025-09-17T11:56:22.843295Z,Happiness,happiness,auto_generated
2025-09-17T11:56:22.843295Z,Fear,fear,auto_generated
2025-09-17T11:56:22.843295Z,Love,love,auto_generated
2025-09-17T11:56:22.843295Z,Justice,justice,auto_generated
2025-09-17T11:56:22.843295Z,Freedom,freedom,auto_generated
2025-09-17T11:56:22.843295Z,Beauty,beauty,auto_generated
2025-09-17T11:56:22.843295Z,Chaos,chaos,auto_generated
2025-09-17T11:56:22.843295Z,Order,order,auto_generated
2025-09-17T11:56:22.843295Z,Anthropology,anthropology,auto_generated
2025-09-17T11:56:22.843295Z,Sociology,sociology,auto_generated
2025-09-17T11:56:22.843295Z,Psychology,psychology,auto_generated
2025-09-17T11:56:22.843295Z,Archaeology,archaeology,auto_generated
2025-09-17T11:56:22.843295Z,Political Science,political_science,auto_generated
2025-09-17T11:56:22.843295Z,Literature,literature,auto_generated
2025-09-17T11:56:22.843295Z,Art Criticism,art_criticism,auto_generated
2025-09-17T11:56:22.843295Z,Music Theory,music_theory,auto_generated
2025-09-17T11:56:22.843295Z,Bird Watching,bird_watching,auto_generated
2025-09-17T11:56:22.843295Z,Astrophotography,astrophotography,auto_generated
2025-09-17T11:56:22.843295Z,Calligraphy,calligraphy,auto_generated
2025-09-17T11:56:22.843295Z,Lock Picking,lock_picking,auto_generated
2025-09-17T11:56:22.843295Z,Urban Exploration,urban_exploration,auto_generated
2025-09-17T11:56:22.843295Z,Geocaching,geocaching,auto_generated
2025-09-17T11:56:22.843295Z,Homebrewing,homebrewing,auto_generated
2025-09-17T11:56:22.843295Z,Origami,origami,auto_generated
2025-09-17T11:56:22.843295Z,Fountain Pens,fountain_pens,auto_generated
2025-09-17T11:56:22.843295Z,Mechanical Keyboards,mechanical_keyboards,auto_generated
2025-09-17T11:56:22.843295Z,Doctor,doctor,auto_generated
2025-09-17T11:56:22.843295Z,Lawyer,lawyer,auto_generated
2025-09-17T11:56:22.843295Z,Engineer,engineer,auto_generated
2025-09-17T11:56:22.843295Z,Teacher,teacher,auto_generated
2025-09-17T11:56:22.843295Z,Artist,artist,auto_generated
2025-09-17T11:56:22.843295Z,Scientist,scientist,auto_generated
2025-09-17T11:56:22.843295Z,Chef,chef,auto_generated
2025-09-17T11:56:22.843295Z,Pilot,pilot,auto_generated
2025-09-17T11:56:22.843295Z,Programmer,programmer,auto_generated
2025-09-17T11:56:22.843295Z,Writer,writer,auto_generated
2025-09-17T11:56:22.843295Z,Architect,architect,auto_generated
2025-09-17T11:56:22.843295Z,Designer,designer,auto_generated
2025-09-17T11:56:22.843295Z,Wood,wood,auto_generated
2025-09-17T11:56:22.843295Z,Metal,metal,auto_generated
2025-09-17T11:56:22.843295Z,Glass,glass,auto_generated
2025-09-17T11:56:22.843295Z,Plastic,plastic,auto_generated
2025-09-17T11:56:22.843295Z,Water,water,auto_generated
2025-09-17T11:56:22.843295Z,Gold,gold,auto_generated
2025-09-17T11:56:22.843295Z,Diamond,diamond,auto_generated
2025-09-17T11:56:22.843295Z,Steel,steel,auto_generated
2025-09-17T11:56:22.843295Z,Concrete,concrete,auto_generated
2025-09-17T11:56:22.843295Z,Paper,paper,auto_generated
2025-09-17T11:56:22.843295Z,Weddings,weddings,auto_generated
2025-09-17T11:56:22.843295Z,Birthdays,birthdays,auto_generated
2025-09-17T11:56:22.843295Z,Holidays,holidays,auto_generated
2025-09-17T11:56:22.843295Z,Christmas,christmas,auto_generated
2025-09-17T11:56:22.843295Z,Halloween,halloween,auto_generated
2025-09-17T11:56:22.843295Z,New Year,new_year,auto_generated
2025-09-17T11:56:22.843295Z,Thanksgiving,thanksgiving,auto_generated
2025-09-17T11:56:22.843295Z,Conferences,conferences,auto_generated
2025-09-17T11:56:22.843295Z,Expos,expos,auto_generated
2025-09-17T11:56:22.843295Z,Cars,cars,auto_generated
2025-09-17T11:56:22.843295Z,Motorcycles,motorcycles,auto_generated
2025-09-17T11:56:22.843295Z,Bicycles,bicycles,auto_generated
2025-09-17T11:56:22.843295Z,Airplanes,airplanes,auto_generated
2025-09-17T11:56:22.843295Z,Trains,trains,auto_generated
2025-09-17T11:56:22.843295Z,Boats,boats,auto_generated
2025-09-17T11:56:22.843295Z,Subways,subways,auto_generated
2025-09-17T11:56:22.843295Z,Public Transport,public_transport,auto_generated
2025-09-17T11:56:22.843295Z,Streetwear,streetwear,auto_generated
2025-09-17T11:56:22.843295Z,Haute Couture,haute_couture,auto_generated
2025-09-17T11:56:22.843295Z,Vintage Fashion,vintage_fashion,auto_generated
2025-09-17T11:56:22.843295Z,Sneakers,sneakers,auto_generated
2025-09-17T11:56:22.843295Z,Watches,watches,auto_generated
2025-09-17T11:56:22.843295Z,Handbags,handbags,auto_generated
2025-09-17T11:56:22.843295Z,Makeup,makeup,auto_generated
2025-09-17T11:56:22.843295Z,Skincare,skincare,auto_generated
2025-09-17T11:56:22.843295Z,Interior Design,interior_design,auto_generated
2025-09-17T11:56:22.843295Z,Minimalism,minimalism,auto_generated
2025-09-17T11:56:22.843295Z,Architecture,architecture,auto_generated
2025-09-17T11:56:22.843295Z,Home Improvement,home_improvement,auto_generated
2025-09-17T11:56:22.843295Z,Smart Home,smart_home,auto_generated
2025-09-17T11:56:22.843295Z,Furniture,furniture,auto_generated
2025-09-17T11:56:22.843295Z,Real Estate,real_estate,auto_generated
2025-09-17T11:56:22.843295Z,Law,law,auto_generated
2025-09-17T11:56:22.843295Z,Democracy,democracy,auto_generated
2025-09-17T11:56:22.843295Z,Monarchy,monarchy,auto_generated
2025-09-17T11:56:22.843295Z,Communism,communism,auto_generated
2025-09-17T11:56:22.843295Z,Socialism,socialism,auto_generated
2025-09-17T11:56:22.843295Z,International Law,international_law,auto_generated
2025-09-17T11:56:22.843295Z,Human Rights,human_rights,auto_generated
2025-09-17T11:56:22.843295Z,Podcasting,podcasting,auto_generated
2025-09-17T11:56:22.843295Z,Stand-up Specials,stand-up_specials,auto_generated
2025-09-17T11:56:22.843295Z,Magic Shows,magic_shows,auto_generated
2025-09-17T11:56:22.843295Z,Circus Arts,circus_arts,auto_generated
2025-09-17T11:56:22.843295Z,Opera,opera,auto_generated
2025-09-17T11:56:22.843295Z,Poetry Slams,poetry_slams,auto_generated
2025-09-17T11:56:22.843295Z,Escape Rooms,escape_rooms,auto_generated
2025-09-17T11:56:22.843295Z,Quantum Computing,quantum_computing,auto_generated
2025-09-17T11:56:22.843295Z,Biotechnology,biotechnology,auto_generated
2025-09-17T11:56:22.843295Z,Nanotechnology,nanotechnology,auto_generated
2025-09-17T11:56:22.843295Z,Robotics,robotics,auto_generated
2025-09-17T11:56:22.843295Z,Drones,drones,auto_generated
2025-09-17T11:56:22.843295Z,3D Modeling,3d_modeling,auto_generated
2025-09-17T11:56:22.843295Z,Game Development,game_development,auto_generated
2025-09-17T11:56:22.843295Z,Data Science,data_science,auto_generated
2025-09-17T11:56:22.843295Z,Cloud Computing,cloud_computing,auto_generated
2025-09-17T11:56:22.843295Z,DevOps,devops,auto_generated
2025-09-17T11:56:22.843295Z,Molecular Gastronomy,molecular_gastronomy,auto_generated
2025-09-17T11:56:22.843295Z,Food Science,food_science,auto_generated
2025-09-17T11:56:22.843295Z,Pastry Arts,pastry_arts,auto_generated
2025-09-17T11:56:22.843295Z,Chocolatier,chocolatier,auto_generated
2025-09-17T11:56:22.843295Z,Sommelier,sommelier,auto_generated
2025-09-17T11:56:22.843295Z,Barista,barista,auto_generated
2025-09-17T11:56:22.843295Z,Fermentation,fermentation,auto_generated
2025-09-17T11:56:22.843295Z,Sourdough,sourdough,auto_generated
2025-09-17T11:56:22.843295Z,Skateboarding,skateboarding,auto_generated
2025-09-17T11:56:22.843295Z,Surfing,surfing,auto_generated
2025-09-17T11:56:22.843295Z,Snowboarding,snowboarding,auto_generated
2025-09-17T11:56:22.843295Z,Skiing,skiing,auto_generated
2025-09-17T11:56:22.843295Z,Rock Climbing,rock_climbing,auto_generated
2025-09-17T11:56:22.843295Z,MMA,mma,auto_generated
2025-09-17T11:56:22.843295Z,Boxing,boxing,auto_generated
2025-09-17T11:56:22.843295Z,Fencing,fencing,auto_generated
2025-09-17T11:56:22.843295Z,Archery,archery,auto_generated
2025-09-17T11:56:22.843295Z,Sailing,sailing,auto_generated
2025-09-17T11:56:22.843295Z,Rowing,rowing,auto_generated
2025-09-17T11:56:22.843295Z,Particle Physics,particle_physics,auto_generated
2025-09-17T11:56:22.843295Z,String Theory,string_theory,auto_generated
2025-09-17T11:56:22.843295Z,Neuroscience,neuroscience,auto_generated
2025-09-17T11:56:22.843295Z,Cognitive Science,cognitive_science,auto_generated
2025-09-17T11:56:22.843295Z,Immunology,immunology,auto_generated
2025-09-17T11:56:22.843295Z,Epidemiology,epidemiology,auto_generated
2025-09-17T11:56:22.843295Z,Ecology,ecology,auto_generated
2025-09-17T11:56:22.843295Z,Paleontology,paleontology,auto_generated
2025-09-17T11:56:22.843295Z,Oceanography,oceanography,auto_generated
2025-09-17T11:56:22.843295Z,The Silk Road,the_silk_road,auto_generated
2025-09-17T11:56:22.843295Z,The Viking Age,the_viking_age,auto_generated
2025-09-17T11:56:22.843295Z,The Industrial Revolution,the_industrial_revolution,auto_generated
2025-09-17T11:56:22.843295Z,The Information Age,the_information_age,auto_generated
2025-09-17T11:56:22.843295Z,Prehistoric Times,prehistoric_times,auto_generated
2025-09-17T11:56:22.843295Z,The Byzantine Empire,the_byzantine_empire,auto_generated
2025-09-17T11:56:22.843295Z,The Ottoman Empire,the_ottoman_empire,auto_generated
2025-09-17T11:56:22.843295Z,The Mongol Empire,the_mongol_empire,auto_generated
2025-09-17T11:56:22.843295Z,Cultural Immersion,cultural_immersion,auto_generated
2025-09-17T11:56:22.843295Z,Ecotourism,ecotourism,auto_generated
2025-09-17T11:56:22.843295Z,Voluntourism,voluntourism,auto_generated
2025-09-17T11:56:22.843295Z,Digital Nomadism,digital_nomadism,auto_generated
2025-09-17T11:56:22.843295Z,Space Tourism,space_tourism,auto_generated
2025-09-17T11:56:22.843295Z,Historical Tours,historical_tours,auto_generated
2025-09-17T11:56:22.843295Z,Food Tours,food_tours,auto_generated
2025-09-17T11:56:22.843295Z,Impressionism,impressionism,auto_generated
2025-09-17T11:56:22.843295Z,Cubism,cubism,auto_generated
2025-09-17T11:56:22.843295Z,Surrealism,surrealism,auto_generated
2025-09-17T11:56:22.843295Z,Abstract Art,abstract_art,auto_generated
2025-09-17T11:56:22.843295Z,Pop Art,pop_art,auto_generated
2025-09-17T11:56:22.843295Z,Renaissance Art,renaissance_art,auto_generated
2025-09-17T11:56:22.843295Z,Baroque Music,baroque_music,auto_generated
2025-09-17T11:56:22.843295Z,Romanticism in Literature,romanticism_in_literature,auto_generated
2025-09-17T11:56:22.843295Z,Modernist Architecture,modernist_architecture,auto_generated
2025-09-17T11:56:22.843295Z,Breaking Bad,breaking_bad,auto_generated
2025-09-17T11:56:22.843295Z,The Office (US),the_office_(us),auto_generated
2025-09-17T11:56:22.843295Z,Friends,friends,auto_generated
2025-09-17T11:56:22.843295Z,Stranger Things,stranger_things,auto_generated
2025-09-17T11:56:22.843295Z,The Mandalorian,the_mandalorian,auto_generated
2025-09-17T11:56:22.843295Z,Black Mirror,black_mirror,auto_generated
2025-09-17T11:56:22.843295Z,The Legend of Zelda,the_legend_of_zelda,auto_generated
2025-09-17T11:56:22.843295Z,Final Fantasy,final_fantasy,auto_generated
2025-09-17T11:56:22.843295Z,Minecraft,minecraft,auto_generated
2025-09-17T11:56:22.843295Z,Among Us,among_us,auto_generated
2025-09-17T11:56:22.843295Z,Stardew Valley,stardew_valley,auto_generated
2025-09-17T11:56:22.843295Z,The Witcher 3,the_witcher_3,auto_generated
2025-09-17T11:56:22.843295Z,Pink Floyd,pink_floyd,auto_generated
2025-09-17T11:56:22.843295Z,Led Zeppelin,led_zeppelin,auto_generated
2025-09-17T11:56:22.843295Z,Radiohead,radiohead,auto_generated
2025-09-17T11:56:22.843295Z,Beyoncé,beyoncé,auto_generated
2025-09-17T11:56:22.843295Z,Frank Ocean,frank_ocean,auto_generated
2025-09-17T11:56:22.843295Z,George Orwell,george_orwell,auto_generated
2025-09-17T11:56:22.843295Z,Jane Austen,jane_austen,auto_generated
2025-09-17T11:56:22.843295Z,Fyodor Dostoevsky,fyodor_dostoevsky,auto_generated
2025-09-17T11:56:22.843295Z,Gabriel Garcia Marquez,gabriel_garcia_marquez,auto_generated
2025-09-17T11:56:22.843295Z,Christopher Nolan,christopher_nolan,auto_generated
2025-09-17T11:56:22.843295Z,Quentin Tarantino,quentin_tarantino,auto_generated
2025-09-17T11:56:22.843295Z,Hayao Miyazaki,hayao_miyazaki,auto_generated
2025-09-17T11:56:22.843295Z,Wes Anderson,wes_anderson,auto_generated
2025-09-17T11:56:22.843295Z,Alfred Hitchcock,alfred_hitchcock,auto_generated
2025-09-17T11:56:22.843295Z,Urban Planning,urban_planning,auto_generated
2025-09-17T11:56:22.843295Z,Sustainable Agriculture,sustainable_agriculture,auto_generated
2025-09-17T11:56:22.843295Z,Circular Economy,circular_economy,auto_generated
2025-09-17T11:56:22.843295Z,Universal Basic Income,universal_basic_income,auto_generated
2025-09-17T11:56:22.843295Z,Ethical AI,ethical_ai,auto_generated
2025-09-17T11:56:22.843295Z,Genetic Engineering,genetic_engineering,auto_generated
2025-09-17T11:56:22.843295Z,Augmented Reality in Daily Life,augmented_reality_in_daily_life,auto_generated
2025-09-17T11:56:22.843295Z,The Future of Work,the_future_of_work,auto_generated
2025-09-17T11:56:22.843295Z,Remote Work,remote_work,auto_generated
2025-09-17T11:56:22.843295Z,Decentralized Finance (DeFi),decentralized_finance_(defi),auto_generated
2025-09-17T11:56:22.843295Z,Non-Fungible Tokens (NFTs),non-fungible_tokens_(nfts),auto_generated
2025-09-17T11:56:22.843295Z,The Metaverse,the_metaverse,auto_generated
2025-09-17T11:56:22.843295Z,CRISPR,crispr,auto_generated
2025-09-17T11:56:22.843295Z,Longevity Science,longevity_science,auto_generated
2025-09-17T11:56:22.843295Z,Clean Energy,clean_energy,auto_generated
2025-09-17T11:56:22.843295Z,Electric Vehicles,electric_vehicles,auto_generated
2025-09-17T11:56:22.843295Z,High-Speed Rail,high-speed_rail,auto_generated
2025-09-17T11:56:22.843295Z,Vertical Farming,vertical_farming,auto_generated
2025-09-17T11:56:22.843295Z,Lab-Grown Meat,lab-grown_meat,auto_generated
2025-09-17T11:56:22.843295Z,Quantum Supremacy,quantum_supremacy,auto_generated
2025-09-17T11:56:22.843295Z,Asteroid Mining,asteroid_mining,auto_generated
2025-09-17T11:56:22.843295Z,Mars Colonization,mars_colonization,auto_generated
2025-09-17T11:56:22.843295Z,Exoplanets,exoplanets,auto_generated
2025-09-17T11:56:22.843295Z,Dark Matter,dark_matter,auto_generated
2025-09-17T11:56:22.843295Z,Gravitational Waves,gravitational_waves,auto_generated
2025-09-17T11:56:22.843295Z,The Human Microbiome,the_human_microbiome,auto_generated
2025-09-17T11:56:22.843295Z,Epigenetics,epigenetics,auto_generated
2025-09-17T11:56:22.843295Z,Synthetic Biology,synthetic_biology,auto_generated
2025-09-17T11:56:22.843295Z,Computational Linguistics,computational_linguistics,auto_generated
2025-09-17T11:56:22.843295Z,The Philosophy of Mind,the_philosophy_of_mind,auto_generated
2025-09-17T11:56:22.843295Z,Consciousness,consciousness,auto_generated
2025-09-17T11:56:22.843295Z,Free Will,free_will,auto_generated
2025-09-17T11:56:22.843295Z,The Simulation Hypothesis,the_simulation_hypothesis,auto_generated
2025-09-17T11:56:22.843295Z,Post-Humanism,post-humanism,auto_generated
2025-09-17T11:56:22.843295Z,Transhumanism,transhumanism,auto_generated
2025-09-17T11:56:22.843295Z,Biohacking,biohacking,auto_generated
2025-09-17T11:56:22.843295Z,The Maker Movement,the_maker_movement,auto_generated
2025-09-17T11:56:22.843295Z,Open Source Software,open_source_software,auto_generated
2025-09-17T11:56:22.843295Z,The Right to Repair,the_right_to_repair,auto_generated
2025-09-17T11:56:22.843295Z,Net Neutrality,net_neutrality,auto_generated
2025-09-17T11:56:22.843295Z,Data Privacy,data_privacy,auto_generated
2025-09-17T11:56:22.843295Z,Surveillance Capitalism,surveillance_capitalism,auto_generated
2025-09-17T11:56:22.843295Z,Fake News and Disinformation,fake_news_and_disinformation,auto_generated
2025-09-17T11:56:22.843295Z,Media Literacy,media_literacy,auto_generated
2025-09-17T11:56:22.843295Z,Critical Thinking,critical_thinking,auto_generated
2025-09-17T11:56:22.843295Z,Emotional Intelligence,emotional_intelligence,auto_generated
2025-09-17T11:56:22.843295Z,Stoic Philosophy for Modern Life,stoic_philosophy_for_modern_life,auto_generated
2025-09-17T11:56:22.843295Z,Ikigai,ikigai,auto_generated
2025-09-17T11:56:22.843295Z,Hygge,hygge,auto_generated
2025-09-17T11:56:22.843295Z,Wabi-Sabi,wabi-sabi,auto_generated
2025-09-17T11:56:22.843295Z,Kintsugi,kintsugi,auto_generated
2025-09-17T11:56:22.843295Z,The Slow Food Movement,the_slow_food_movement,auto_generated
2025-09-17T11:56:22.843295Z,Permaculture,permaculture,auto_generated
2025-09-17T11:56:22.843295Z,Tiny Homes,tiny_homes,auto_generated
2025-09-17T11:56:22.843295Z,Off-Grid Living,off-grid_living,auto_generated
2025-09-17T11:56:22.843295Z,Prepping and Survivalism,prepping_and_survivalism,auto_generated
2025-09-17T11:56:22.843295Z,Historical Reenactment,historical_reenactment,auto_generated
2025-09-17T11:56:22.843295Z,Live Action Role-Playing (LARP),live_action_role-playing_(larp),auto_generated
2025-09-17T11:56:22.843295Z,Cosplay,cosplay,auto_generated
2025-09-17T11:56:22.843295Z,Fan Fiction,fan_fiction,auto_generated
2025-09-17T11:56:22.843295Z,Worldbuilding,worldbuilding,auto_generated
2025-09-17T11:56:22.843295Z,Conlangs (Constructed Languages),conlangs_(constructed_languages),auto_generated
2025-09-17T11:56:22.843295Z,Speedrunning (Video Games),speedrunning_(video_games),auto_generated
2025-09-17T11:56:22.843295Z,Tool-Assisted Speedruns (TAS),tool-assisted_speedruns_(tas),auto_generated
2025-09-17T11:56:22.843295Z,Esoteric Programming Languages,esoteric_programming_languages,auto_generated
2025-09-17T11:56:22.843295Z,The Demogroup Scene,the_demogroup_scene,auto_generated
2025-09-17T11:56:22.843295Z,Algorithmic Art,algorithmic_art,auto_generated
2025-09-17T11:56:22.843295Z,Generative Music,generative_music,auto_generated
2025-09-17T11:56:22.843295Z,Creative Coding,creative_coding,auto_generated
2025-09-17T11:56:22.843295Z,The Quantified Self,the_quantified_self,auto_generated
2025-09-17T11:56:22.843295Z,Nootropics,nootropics,auto_generated
2025-09-17T11:56:22.843295Z,Polyphasic Sleep,polyphasic_sleep,auto_generated
2025-09-17T11:56:22.843295Z,Lucid Dreaming,lucid_dreaming,auto_generated
2025-09-17T11:56:22.843295Z,Astral Projection,astral_projection,auto_generated
2025-09-17T11:56:22.843295Z,The Occult,the_occult,auto_generated
2025-09-17T11:56:22.843295Z,Tarot Reading,tarot_reading,auto_generated
2025-09-17T11:56:22.843295Z,Astrology,astrology,auto_generated
2025-09-17T11:56:22.843295Z,Numerology,numerology,auto_generated
2025-09-17T11:56:22.843295Z,Ancient Astronaut Theory,ancient_astronaut_theory,auto_generated
2025-09-17T11:56:22.843295Z,Conspiracy Theories,conspiracy_theories,auto_generated
2025-09-17T11:56:22.843295Z,Cryptozoology,cryptozoology,auto_generated
2025-09-17T11:56:22.843295Z,Ufology,ufology,auto_generated
2025-09-17T11:56:22.843295Z,Paranormal Investigation,paranormal_investigation,auto_generated
2025-09-17T11:56:22.843295Z,True Crime,true_crime,auto_generated
2025-09-17T11:56:22.843295Z,Forensic Science,forensic_science,auto_generated
2025-09-17T11:56:22.843295Z,Cold Cases,cold_cases,auto_generated
2025-09-17T11:56:22.843295Z,International Espionage,international_espionage,auto_generated
2025-09-17T11:56:22.843295Z,Geopolitics,geopolitics,auto_generated
2025-09-17T11:56:22.843295Z,The United Nations,the_united_nations,auto_generated
2025-09-17T11:56:22.843295Z,Non-Governmental Organizations (NGOs),non-governmental_organizations_(ngos),auto_generated
2025-09-17T11:56:22.843295Z,Philanthropy,philanthropy,auto_generated
2025-09-17T11:56:22.843295Z,Effective Altruism,effective_altruism,auto_generated
2025-09-17T11:56:22.843295Z,Microdosing,microdosing,auto_generated
2025-09-17T11:56:22.843295Z,Psychedelic Therapy,psychedelic_therapy,auto_generated
2025-09-17T11:56:22.843295Z,The History of Cinema,the_history_of_cinema,auto_generated
2025-09-17T11:56:22.843295Z,Film Noir,film_noir,auto_generated
2025-09-17T11:56:22.843295Z,The French New Wave,the_french_new_wave,auto_generated
2025-09-17T11:56:22.843295Z,German Expressionism,german_expressionism,auto_generated
2025-09-17T11:56:22.843295Z,Silent Film,silent_film,auto_generated
2025-09-17T11:56:22.843295Z,The Hollywood Studio System,the_hollywood_studio_system,auto_generated
2025-09-17T11:56:22.843295Z,The History of Jazz,the_history_of_jazz,auto_generated
2025-09-17T11:56:22.843295Z,Bebop,bebop,auto_generated
2025-09-17T11:56:22.843295Z,Cool Jazz,cool_jazz,auto_generated
2025-09-17T11:56:22.843295Z,Fusion,fusion,auto_generated
2025-09-17T11:56:22.843295Z,The History of Rock and Roll,the_history_of_rock_and_roll,auto_generated
2025-09-17T11:56:22.843295Z,Psychedelic Rock,psychedelic_rock,auto_generated
2025-09-17T11:56:22.843295Z,Punk Rock,punk_rock,auto_generated
2025-09-17T11:56:22.843295Z,New Wave,new_wave,auto_generated
2025-09-17T11:56:22.843295Z,Grunge,grunge,auto_generated
2025-09-17T11:56:22.843295Z,The History of Video Games,the_history_of_video_games,auto_generated
2025-09-17T11:56:22.843295Z,The Arcade Era,the_arcade_era,auto_generated
2025-09-17T11:56:22.843295Z,The 8-bit and 16-bit Eras,the_8-bit_and_16-bit_eras,auto_generated
2025-09-17T11:56:22.843295Z,The Console Wars,the_console_wars,auto_generated
2025-09-17T11:56:22.843295Z,The Rise of PC Gaming,the_rise_of_pc_gaming,auto_generated
2025-09-17T11:56:22.843295Z,The Indie Game Revolution,the_indie_game_revolution,auto_generated
2025-09-17T11:56:22.843295Z,The History of the Internet,the_history_of_the_internet,auto_generated
2025-09-17T11:56:22.843295Z,ARPANET,arpanet,auto_generated
2025-09-17T11:56:22.843295Z,The World Wide Web,the_world_wide_web,auto_generated
2025-09-17T11:56:22.843295Z,The Dot-com Bubble,the_dot-com_bubble,auto_generated
2025-09-17T11:56:22.843295Z,Web 2.0,web_2.0,auto_generated
2025-09-17T11:56:22.843295Z,The Mobile Web,the_mobile_web,auto_generated
2025-09-17T11:56:22.843295Z,The Semantic Web,the_semantic_web,auto_generated
2025-09-17T11:56:22.843295Z,The Industrial Design of Dieter Rams,the_industrial_design_of_dieter_rams,auto_generated
2025-09-17T11:56:22.843295Z,The Bauhaus School,the_bauhaus_school,auto_generated
2025-09-17T11:56:22.843295Z,Brutalist Architecture,brutalist_architecture,auto_generated
2025-09-17T11:56:22.843295Z,Postmodern Architecture,postmodern_architecture,auto_generated
2025-09-17T11:56:22.843295Z,Deconstructivism,deconstructivism,auto_generated
2025-09-17T11:56:22.843295Z,The Art of Storytelling,the_art_of_storytelling,auto_generated
2025-09-17T11:56:22.843295Z,The Hero's Journey,the_hero's_journey,auto_generated
2025-09-17T11:56:22.843295Z,Three-Act Structure,three-act_structure,auto_generated
2025-09-17T11:56:22.843295Z,Narrative Tropes,narrative_tropes,auto_generated
2025-09-17T11:56:22.843295Z,Character Archetypes,character_archetypes,auto_generated
2025-09-17T11:56:22.843295Z,Symbolism in Literature,symbolism_in_literature,auto_generated
2025-09-17T11:56:22.843295Z,Literary Theory,literary_theory,auto_generated
2025-09-17T11:56:22.843295Z,Post-structuralism,post-structuralism,auto_generated
2025-09-17T11:56:22.843295Z,Deconstruction,deconstruction,auto_generated
2025-09-17T11:56:22.843295Z,Feminist Literary Criticism,feminist_literary_criticism,auto_generated
2025-09-17T11:56:22.843295Z,Marxist Literary Criticism,marxist_literary_criticism,auto_generated
2025-09-17T11:56:22.843295Z,The Psychology of Color,the_psychology_of_color,auto_generated
2025-09-17T11:56:22.843295Z,Typography,typography,auto_generated
2025-09-17T11:56:22.843295Z,User Interface (UI) Design,user_interface_(ui)_design,auto_generated
2025-09-17T11:56:22.843295Z,User Experience (UX) Design,user_experience_(ux)_design,auto_generated
2025-09-17T11:56:22.843295Z,Design Thinking,design_thinking,auto_generated
2025-09-17T11:56:22.843295Z,Agile Methodology,agile_methodology,auto_generated
2025-09-17T11:56:22.843295Z,Scrum,scrum,auto_generated
2025-09-17T11:56:22.843295Z,Kanban,kanban,auto_generated
2025-09-17T11:56:22.843295Z,Lean Manufacturing,lean_manufacturing,auto_generated
2025-09-17T11:56:22.843295Z,Six Sigma,six_sigma,auto_generated
2025-09-17T11:56:22.843295Z,The Butterfly Effect,the_butterfly_effect,auto_generated
2025-09-17T11:56:22.843295Z,Chaos Theory,chaos_theory,auto_generated
2025-09-17T11:56:22.843295Z,Game Theory,game_theory,auto_generated
2025-09-17T11:56:22.843295Z,The Prisoner's Dilemma,the_prisoner's_dilemma,auto_generated
2025-09-17T11:56:22.843295Z,Occam's Razor,occam's_razor,auto_generated
2025-09-17T11:56:22.843295Z,Schrödinger's Cat,schrödinger's_cat,auto_generated
2025-09-17T11:56:22.843295Z,The Fermi Paradox,the_fermi_paradox,auto_generated
2025-09-17T11:56:22.843295Z,The Drake Equation,the_drake_equation,auto_generated
2025-09-17T11:56:22.843295Z,The Dyson Sphere,the_dyson_sphere,auto_generated
2025-09-17T11:56:22.843295Z,The Kardashev Scale,the_kardashev_scale,auto_generated
2025-09-17T11:56:22.843295Z,The Great Filter,the_great_filter,auto_generated
2025-09-17T11:56:22.843295Z,The Simulation Argument,the_simulation_argument,auto_generated
2025-09-17T11:56:22.843295Z,The Anthropic Principle,the_anthropic_principle,auto_generated
2025-09-17T11:56:22.843295Z,The Multiverse,the_multiverse,auto_generated
2025-09-17T11:56:22.843295Z,String Theory,string_theory,auto_generated
2025-09-17T11:56:22.843295Z,M-Theory,m-theory,auto_generated
2025-09-17T11:56:22.843295Z,Loop Quantum Gravity,loop_quantum_gravity,auto_generated
2025-09-17T11:56:22.843295Z,The Standard Model of Particle Physics,the_standard_model_of_particle_physics,auto_generated
2025-09-17T11:56:22.843295Z,The Higgs Boson,the_higgs_boson,auto_generated
2025-09-17T11:56:22.843295Z,Neutrinos,neutrinos,auto_generated
2025-09-17T11:56:22.843295Z,Quarks,quarks,auto_generated
2025-09-17T11:56:22.843295Z,Leptons,leptons,auto_generated
2025-09-17T11:56:22.843295Z,The Four Fundamental Forces,the_four_fundamental_forces,auto_generated
2025-09-17T11:56:22.843295Z,Electromagnetism,electromagnetism,auto_generated
2025-09-17T11:56:22.843295Z,The Strong Nuclear Force,the_strong_nuclear_force,auto_generated
2025-09-17T11:56:22.843295Z,The Weak Nuclear Force,the_weak_nuclear_force,auto_generated
2025-09-17T11:56:22.843295Z,Gravity,gravity,auto_generated
2025-09-17T11:56:22.843295Z,General Relativity,general_relativity,auto_generated
2025-09-17T11:56:22.843295Z,Special Relativity,special_relativity,auto_generated
2025-09-17T11:56:22.843295Z,Time Dilation,time_dilation,auto_generated
2025-09-17T11:56:22.843295Z,Length Contraction,length_contraction,auto_generated
2025-09-17T11:56:22.843295Z,Spacetime,spacetime,auto_generated
2025-09-17T11:56:22.843295Z,Wormholes,wormholes,auto_generated
2025-09-17T11:56:22.843295Z,The Big Bang,the_big_bang,auto_generated
2025-09-17T11:56:22.843295Z,Cosmic Microwave Background Radiation,cosmic_microwave_background_radiation,auto_generated
2025-09-17T11:56:22.843295Z,Inflation,inflation,auto_generated
2025-09-17T11:56:22.843295Z,Dark Energy,dark_energy,auto_generated
2025-09-17T11:56:22.843295Z,The Fate of the Universe,the_fate_of_the_universe,auto_generated
2025-09-17T11:56:22.843295Z,The Big Crunch,the_big_crunch,auto_generated
2025-09-17T11:56:22.843295Z,The Big Freeze,the_big_freeze,auto_generated
2025-09-17T11:56:22.843295Z,The Big Rip,the_big_rip,auto_generated
2025-09-17T11:56:22.843295Z,Heat Death,heat_death,auto_generated
2025-09-17T11:56:22.843295Z,Plate Tectonics,plate_tectonics,auto_generated
2025-09-17T11:56:22.843295Z,The Rock Cycle,the_rock_cycle,auto_generated
2025-09-17T11:56:22.843295Z,The Water Cycle,the_water_cycle,auto_generated
2025-09-17T11:56:22.843295Z,The Carbon Cycle,the_carbon_cycle,auto_generated
2025-09-17T11:56:22.843295Z,The Nitrogen Cycle,the_nitrogen_cycle,auto_generated
2025-09-17T11:56:22.843295Z,Photosynthesis,photosynthesis,auto_generated
2025-09-17T11:56:22.843295Z,Cellular Respiration,cellular_respiration,auto_generated
2025-09-17T11:56:22.843295Z,DNA,dna,auto_generated
2025-09-17T11:56:22.843295Z,RNA,rna,auto_generated
2025-09-17T11:56:22.843295Z,Proteins,proteins,auto_generated
2025-09-17T11:56:22.843295Z,Enzymes,enzymes,auto_generated
2025-09-17T11:56:22.843295Z,The Central Dogma of Molecular Biology,the_central_dogma_of_molecular_biology,auto_generated
2025-09-17T11:56:22.843295Z,Mendelian Genetics,mendelian_genetics,auto_generated
2025-09-17T11:56:22.843295Z,Natural Selection,natural_selection,auto_generated
2025-09-17T11:56:22.843295Z,Sexual Selection,sexual_selection,auto_generated
2025-09-17T11:56:22.843295Z,Speciation,speciation,auto_generated
2025-09-17T11:56:22.843295Z,Extinction Events,extinction_events,auto_generated
2025-09-17T11:56:22.843295Z,The Cambrian Explosion,the_cambrian_explosion,auto_generated
2025-09-17T11:56:22.843295Z,The Age of Dinosaurs,the_age_of_dinosaurs,auto_generated
2025-09-17T11:56:22.843295Z,The Ice Ages,the_ice_ages,auto_generated
2025-09-17T11:56:22.843295Z,Human Evolution,human_evolution,auto_generated
2025-09-17T11:56:22.843295Z,The Neolithic Revolution,the_neolithic_revolution,auto_generated
2025-09-17T11:56:22.843295Z,The Bronze Age,the_bronze_age,auto_generated
2025-09-17T11:56:22.843295Z,The Iron Age,the_iron_age,auto_generated
2025-09-17T11:56:22.843295Z,The Age of Enlightenment,the_age_of_enlightenment,auto_generated
2025-09-17T11:56:22.843295Z,The Scientific Revolution,the_scientific_revolution,auto_generated
2025-09-17T11:56:22.843295Z,The American Revolution,the_american_revolution,auto_generated
2025-09-17T11:56:22.843295Z,The French Revolution,the_french_revolution,auto_generated
2025-09-17T11:56:22.843295Z,The Russian Revolution,the_russian_revolution,auto_generated
2025-09-17T11:56:22.843295Z,The Digital Revolution,the_digital_revolution,auto_generated
2025-09-17T11:56:22.843295Z,Globalization,globalization,auto_generated
2025-09-17T11:56:22.843295Z,Post-colonialism,post-colonialism,auto_generated
2025-09-17T11:56:22.843295Z,Neoliberalism,neoliberalism,auto_generated
2025-09-17T11:56:22.843295Z,The Rise of China,the_rise_of_china,auto_generated
2025-09-17T11:56:22.843295Z,The European Union,the_european_union,auto_generated
2025-09-17T11:56:22.843295Z,Brexit,brexit,auto_generated
2025-09-17T11:56:22.843295Z,The Arab Spring,the_arab_spring,auto_generated
2025-09-17T11:56:22.843295Z,The Black Lives Matter Movement,the_black_lives_matter_movement,auto_generated
2025-09-17T11:56:22.843295Z,The #MeToo Movement,the_#metoo_movement,auto_generated
2025-09-17T11:56:22.843295Z,Climate Activism,climate_activism,auto_generated
2025-09-17T11:56:22.843295Z,The Future of Democracy,the_future_of_democracy,auto_generated
2025-09-17T11:56:22.843295Z,The Future of Capitalism,the_future_of_capitalism,auto_generated
2025-09-17T11:56:22.843295Z,The Future of Education,the_future_of_education,auto_generated
2025-09-17T11:56:22.843295Z,The Future of Healthcare,the_future_of_healthcare,auto_generated
2025-09-17T11:56:22.843295Z,The Future of Transportation,the_future_of_transportation,auto_generated
2025-09-17T11:56:22.843295Z,The Future of Food,the_future_of_food,auto_generated
2025-09-17T11:56:22.843295Z,The Future of Cities,the_future_of_cities,auto_generated
2025-09-17T11:56:22.843295Z,The Future of Entertainment,the_future_of_entertainment,auto_generated
2025-09-17T11:56:22.843295Z,The Future of Relationships,the_future_of_relationships,auto_generated
2025-09-17T11:56:22.843295Z,The Future of Humanity,the_future_of_humanity,auto_generated
